TransactionId,Reference,Customer,Amount,Revenue,PaymentMethod,Status,Date,Actions
3X0GF5Vy,e4a3798d-2f94-492e-ad2f-19df8ef1afe1,Jerry Ayuknkem Ebai,FCFA 15,000,FCFA 14,550,mobile money,SUCCESSFUL,Aug 12, 2026, 05:00 PM
DEiltRPa,6366cf9b-5e4e-495b-8455-6c8a53a696cc,Mekang Fese Tessa Ngome,FCFA 15,000,FCFA 14,550,mobile money,SUCCESSFUL,Aug 10, 2026, 09:27 PM
eNaUSzwa,fd819cb3-e451-4bf0-bedf-8259eafe2988,Reina Visiy,FCFA 15,000,FCFA 14,550,orange money,SUCCESSFUL,Aug 10, 2026, 09:13 PM
K0Mwk4yP,8aa8c53b-f8d6-466d-b5e5-a6fa9e45902d,—,FCFA 15,000,—,—,EXPIRED,Aug 11, 2026, 09:11 PM
yi1QvjWg,928d777e-969b-4039-8c09-5881c8462ade,—,FCFA 15,000,—,—,EXPIRED,Aug 10, 2026, 09:37 PM
CNxMMCUw,871054e1-b63c-4e17-b9be-d3b1712f4e18,Aminkeng Bezawung Comfort Joy,FCFA 15,000,FCFA 14,550,mobile money,SUCCESSFUL,Aug 9, 2026, 07:36 PM
enxceevu,b4313bf7-f345-4058-afc4-09291bd5e7c7,—,FCFA 15,000,—,—,EXPIRED,Aug 10, 2026, 11:01 AM
UPHJV309,da81daf7-743b-40bf-b2fb-32829069e934,Foryoung Junior Ngu,FCFA 15,000,FCFA 14,550,mobile money,SUCCESSFUL,Aug 8, 2026, 07:18 PM
Pt5ZC0PA,7f50ca5a-90b7-4b30-92da-7c8940c058eb,—,FCFA 15,000,—,—,EXPIRED,Aug 9, 2026, 05:59 AM
lQXyLCbg,605ba1f5-b8ca-45aa-ae6b-8393d720eceb,—,FCFA 15,000,—,mobile money,EXPIRED,Aug 9, 2026, 12:15 AM
FZLvVXHF,fdc1878b-7385-43a1-980e-ca06c1bd19de,—,FCFA 15,000,—,mobile money,EXPIRED,Aug 9, 2026, 12:08 AM
LfbzVyZK,acb3606d-2f84-4851-8e84-67ab9a360e31,—,FCFA 15,000,—,mobile money,EXPIRED,Aug 8, 2026, 08:11 PM
TY4Yuzwh,9d89ce7e-2916-47a8-93fe-e9bbe110a112,—,FCFA 15,000,—,—,EXPIRED,Aug 8, 2026, 08:10 PM
J2VD2fYa,252f7875-acd5-4332-9546-27211894fe04,—,FCFA 15,000,—,—,EXPIRED,Aug 8, 2026, 08:10 PM
Hw31m4Yb,75073065-1fc6-47a2-8f66-12ab64b45c3c,—,FCFA 15,000,—,mobile money,EXPIRED,Aug 8, 2026, 02:29 PM
G7cmsjQR,43e2b332-4885-44fe-96ba-1203a86ae6e3,—,FCFA 15,000,—,—,EXPIRED,Aug 7, 2026, 01:45 PM
gRpztFTz,c7c4df71-7e4a-4071-8021-f83be2a5bd07,Atabong Ramesette,FCFA 15,000,FCFA 14,550,mobile money,SUCCESSFUL,Aug 6, 2026, 09:06 AM
imM7DfII,c36c2d51-9bb5-4940-8d17-bb2cbb3af2d2,—,FCFA 15,000,—,—,EXPIRED,Aug 7, 2026, 02:42 AM
PISZrLfk,ead26db8-862f-4f6e-8fd0-1e3ab1c5daa1,—,FCFA 15,000,—,—,EXPIRED,Aug 6, 2026, 12:02 PM
tcV3yzkJ,e78fccc5-7860-4a8e-bb9d-5e267aa9f08a,Choundong Christine,FCFA 15,000,FCFA 14,550,orange money,SUCCESSFUL,Aug 5, 2026, 09:08 AM
R8LYzshB,36fb3002-c1b6-4418-a320-69763f887b85,—,FCFA 15,000,—,mobile money,EXPIRED,Aug 5, 2026, 08:13 AM
RYucBUTl,cda529dd-2d20-427d-9106-c3f5ab1cd7c0,—,FCFA 15,000,—,—,EXPIRED,Aug 5, 2026, 01:06 AM
j6q10b4j,2b9f7336-18e8-4a11-ba96-7f10a44a5752,JEMIMAH NEH FOBA,FCFA 15,000,FCFA 14,550,mobile money,SUCCESSFUL,Aug 4, 2026, 01:09 AM
7kTWKcyx,3c2f7fee-843a-46ac-93e5-fdf737779500,SIKATI CHEDJOU HILLARY SAMANTHA,FCFA 15,000,FCFA 14,550,orange money,SUCCESSFUL,Aug 4, 2026, 12:22 AM
zbBVj2vS,820d4687-fae7-4429-a84b-25bea56dd543,Ngwekem Alright Apiytse Njapah,FCFA 15,000,FCFA 14,550,mobile money,SUCCESSFUL,Aug 3, 2026, 08:29 PM
NdKqTvYW,b6dad35d-6bdb-42a5-b78c-c85d951e2c3c,Tata Dorcas Jingkoh,FCFA 15,000,FCFA 14,550,mobile money,SUCCESSFUL,Aug 3, 2026, 05:51 PM
NUKrQ57u,bd204afe-5d76-4f96-bba8-f1d8e2875f5b,Otang CECILQUEEN OBASI,FCFA 15,000,FCFA 14,550,mobile money,SUCCESSFUL,Aug 3, 2026, 12:46 PM
Fmtz2RkU,2334a322-69ec-4756-bdb3-882b4b96e793,BRITNEY NGOUEWA YOUWO,FCFA 15,000,FCFA 14,550,mobile money,SUCCESSFUL,Aug 3, 2026, 08:08 AM
TvTl6DXy,d1f255e6-f7e9-41d2-a351-9fc9b87e54cc,Bih Emmanuella,FCFA 15,000,FCFA 14,550,mobile money,SUCCESSFUL,Aug 2, 2026, 07:22 PM
ZFt53WzN,2c1e8cf8-30c9-40a4-9608-b6b02878c947,—,FCFA 15,000,—,—,EXPIRED,Aug 3, 2026, 07:18 PM
Lu0SxbXt,5bd06b27-eaf6-403c-9ff8-61a19b3a368a,TCHINDA MEKONTSO ERNEST GAËL,FCFA 15,000,FCFA 14,550,mobile money,SUCCESSFUL,Aug 2, 2026, 07:25 PM
cxcWlcfi,402a2d91-ee64-4031-a141-75a30d102aba,Monji Randy Junior,FCFA 15,000,FCFA 14,550,mobile money,SUCCESSFUL,Aug 2, 2026, 03:32 PM
ljG1Laul,46f1387e-fac7-4d8d-add5-0aa16347cbdd,ASHU PATRICIA ESSAME,FCFA 15,000,FCFA 14,550,mobile money,SUCCESSFUL,Aug 2, 2026, 08:48 AM
Ebsq3A9E,66a29d5b-6f5f-44c7-bf70-5c701860c326,Njatou Njoya lawrence junior,FCFA 15,000,FCFA 14,550,orange money,SUCCESSFUL,Aug 2, 2026, 06:13 AM
8ntZbMb4,75b82a95-c5d1-43ba-89e8-0c0020a2e65a,Tikum Visvette Tikum,FCFA 15,000,FCFA 14,550,mobile money,SUCCESSFUL,Aug 1, 2026, 07:38 PM
FP5rGgHu,5c101e7f-63ca-4f08-abb9-d17a69cc1f70,—,FCFA 15,000,—,mobile money,EXPIRED,Aug 2, 2026, 07:27 PM
c6HhNLh5,33bf393b-f945-4421-aeb4-9fed5407e55e,—,FCFA 15,000,—,—,EXPIRED,Aug 2, 2026, 07:26 PM
F2yMZkY7,b001b25c-76bf-4c34-a07f-b47756e5d1ae,Epoh Praises Lekupi,FCFA 15,000,FCFA 14,550,mobile money,SUCCESSFUL,Aug 1, 2026, 07:21 PM
9s3n7HkU,39640a6b-051b-4b8c-93ba-848761c5c511,Diligence Matute,FCFA 15,000,FCFA 14,550,mobile money,SUCCESSFUL,Aug 1, 2026, 03:46 PM
jiE4zESk,60b0bc3a-82c6-4bbf-94ca-ba985aa725e6,—,FCFA 15,000,—,mobile money,EXPIRED,Aug 2, 2026, 03:16 PM
Dspgg1uM,a45ecd4d-9c20-48c4-a344-5d4b4cf7163e,Nsangong George Yamsilack,FCFA 15,000,FCFA 14,550,mobile money,SUCCESSFUL,Aug 1, 2026, 08:59 AM
T2rmgnmP,0cee1932-17ac-4464-8320-b3ac874e925d,Mounjouenpou Limi Raymond Giovanni,FCFA 15,000,FCFA 14,550,orange money,SUCCESSFUL,Aug 1, 2026, 06:20 AM
1sRZcLLm,af91f5fb-ab7e-40bc-b480-befa2b76a1e3,Tchinda Fouadji Rabeli Noel,FCFA 15,000,FCFA 14,550,mobile money,SUCCESSFUL,Jul 31, 2026, 05:26 PM
R5ng4Im5,53cf60fe-7c1f-42a7-86eb-1f6be47c7754,Chin Carol Breathly Vernyuy,FCFA 15,000,FCFA 14,550,mobile money,SUCCESSFUL,Jul 31, 2026, 01:34 PM
eg2fS9up,f7604dee-e433-4ee9-8b93-39a0babf8040,—,FCFA 15,000,—,orange money,EXPIRED,Aug 1, 2026, 08:44 AM
68TudRhs,18407513-ebaa-490e-b3d2-e67d97b08e38,—,FCFA 15,000,—,orange money,EXPIRED,Aug 1, 2026, 08:40 AM
WWcV7neh,beb5e569-3425-4256-9fb3-25e383418d5a,NWOKE NTONGWE LOVEL THECLE,FCFA 15,000,FCFA 14,550,mobile money,SUCCESSFUL,Jul 31, 2026, 07:59 AM
526VN0KL,99cd4ede-7295-46ce-9a32-0a1d668748a5,—,FCFA 15,000,—,orange money,EXPIRED,Jul 30, 2026, 12:33 PM
sC2ZA7fR,f054f641-eebe-426c-95a7-85df745cb29b,Romaric Lonfonyuy,FCFA 103,FCFA 99,mobile money,SUCCESSFUL,Jul 29, 2026, 11:29 AM
vjdJRdvN,f617e40d-ec93-4dc5-b448-a3dd371f6789,—,FCFA 15,450,—,—,EXPIRED,Jul 30, 2026, 11:27 AM
TjZMLMFT,ede1de77-fcc7-4758-a134-913cecbdb2b2,Romaric Lonfonyuy,FCFA 100,FCFA 97,mobile money,SUCCESSFUL,Jul 28, 2026, 05:15 PM
tVYE0Bh9,8f1a4e09-cf96-4a46-bd60-3f0828599ead,Romaric Lonfonyuy,FCFA 100,FCFA 97,mobile money,SUCCESSFUL,Jul 28, 2026, 05:10 PM
6qW8BtlZ,e7f3b884-b863-4724-9415-4f31ec2ececd,TADJIEUFOUET YOUWO Bradley,FCFA 15,000,FCFA 14,550,mobile money,SUCCESSFUL,Jul 27, 2026, 09:57 PM
j3HZYDEe,15af2848-1281-490b-941b-a96e8f7e50a9,Kpue Theresia Favour Bei,FCFA 15,000,FCFA 14,550,mobile money,SUCCESSFUL,Jul 27, 2026, 08:22 PM
k5CWREV7,121690a2-f171-4223-b6df-3efe08f69905,—,FCFA 15,000,—,—,EXPIRED,Jul 28, 2026, 08:19 PM
u91nM1kC,f929f7bf-5fdc-421f-be44-44e37067de3d,TAYIMETHA OYONO JULES MATHIEU,FCFA 15,000,FCFA 14,550,mobile money,SUCCESSFUL,Jul 26, 2026, 08:40 PM
SQG2J7dl,c67e7342-f098-4465-9e3f-bf2bc68aaada,Rahimatou Mohammand Gambo,FCFA 15,000,FCFA 14,550,mobile money,SUCCESSFUL,Jul 26, 2026, 07:52 PM
2ZFWpmSP,fc5a4238-e7a8-4749-a10e-ef28197e3ac8,—,FCFA 15,000,—,mobile money,EXPIRED,Jul 27, 2026, 05:13 PM
FVEG0YHr,d625b7f9-fac8-460c-999f-d9ecab3defee,—,FCFA 15,000,—,—,EXPIRED,Jul 27, 2026, 04:25 PM
bARLXmQH,2ebfd2d7-f570-43d3-b927-d51a9154c227,—,FCFA 15,000,—,mobile money,EXPIRED,Jul 27, 2026, 03:12 PM
rndZrZXb,e565cea5-262a-4605-96fa-ae776ab68738,—,FCFA 15,000,—,—,EXPIRED,Jul 27, 2026, 03:10 PM
jhVxHV2z,2271a8f0-31ad-462b-a7e1-ad38d4daa5e6,Dingana Romeo Bengyella,FCFA 15,000,FCFA 14,550,mobile money,SUCCESSFUL,Jul 26, 2026, 06:58 AM
QWMsiSVL,0b5848dc-60f2-429f-a8e0-b881675289e3,—,FCFA 15,000,—,—,EXPIRED,Jul 27, 2026, 06:55 AM
ZXiCu4x0,4ec4fb64-fc3d-4419-9d96-fa1a0e8e16fd,Modeline Puh Ngong,FCFA 15,000,FCFA 14,550,mobile money,SUCCESSFUL,Jul 25, 2026, 07:38 PM
MEn1kbCb,aa0f2c8e-db49-4bb4-9d68-7e9b049b3388,BALAK BINTA CHAK,FCFA 15,000,FCFA 14,550,mobile money,SUCCESSFUL,Jul 24, 2026, 07:27 PM
9ka8NIwS,cbe08b10-2a28-4411-b43a-ef1c68fa5d52,—,FCFA 15,000,—,—,EXPIRED,Jul 25, 2026, 07:25 PM
RwyMmid0,1f2358ac-cf5c-4d59-af63-546d6d914f3d,Guachuessi François Junior,FCFA 15,000,FCFA 14,550,mobile money,SUCCESSFUL,Jul 24, 2026, 05:33 PM
dbMLxu21,651e1fcf-dd7b-4690-aac2-2b7a6d7ee7a5,—,FCFA 15,000,—,—,EXPIRED,Jul 25, 2026, 05:31 PM
reDiCUrD,bd221e0a-5b38-4667-be5e-26e34ba27602,Nji Winner Mezoh,FCFA 15,000,FCFA 14,550,mobile money,SUCCESSFUL,Jul 24, 2026, 11:20 AM
w1pScAat,12942771-2fe5-4d0c-ba1b-ced66ff2f109,—,FCFA 10,000,—,—,EXPIRED,Jul 24, 2026, 02:03 PM
IGkYZTcr,4b84a726-bc02-47c4-81d5-d55d3387cc54,—,FCFA 15,000,—,—,EXPIRED,Jul 24, 2026, 12:36 PM
gHdBsZGL,f85cddc0-a46d-4e82-9da5-7d3abb4cddbb,Anembom Favour Zenibong,FCFA 15,000,FCFA 14,550,mobile money,SUCCESSFUL,Jul 23, 2026, 10:44 AM
US4d5cl0,dad8f015-e5c0-4fa7-a9c7-23c82a11a349,—,FCFA 50,000,—,mobile money,EXPIRED,Jul 16, 2026, 10:16 AM
V7RGmUJb,655f1739-d5e9-4a5f-a1e7-f8b4c9db6ec5,Romaric Lonfonyuy,FCFA 200,FCFA 194,mobile money,SUCCESSFUL,Jul 15, 2026, 09:39 AM
CdVmzSKn,cb353bec-3b4f-4b23-b423-719b6d6833b0,—,FCFA 50,000,—,mobile money,EXPIRED,Jul 16, 2026, 09:36 AM
JzwJd6Ny,a4c3a4c6-f76c-4e58-86db-e0779458a543,—,FCFA 5,000,—,mobile money,EXPIRED,Jul 16, 2026, 08:45 AM
yRJHn3UC,142b581f-f855-440e-850d-808a08d604de,—,FCFA 6,500,—,—,EXPIRED,Jul 12, 2026, 05:22 PM
t5GaIt7K,176a46d1-c429-477c-bde3-dd3c1c00c2ce,—,FCFA 100,000,—,mobile money,EXPIRED,Jul 12, 2026, 03:03 PM